projectId,title,startDate,endDate,status,releaseStatus,trlBegin,trlCurrent,trlEnd,programTitle,missionDirectorate,primaryTxCode,primaryTxTitle,primaryTxLevel,otherOrgCount,leadOrg
157166,Sensorimotor Countermeasures,2020-10-01,2030-09-30,Active,Released,2.0,5.0,9.0,Mars Campaign Office,ESDMD,TX06.3.2,Prevention and Countermeasures,3,2,JSC
157638,"Advancing computed tomography techniques for surface deployment on the Moon, Mars, asteroids, and comets",2024-05-01,2025-09-30,Completed,Released,1.0,2.0,4.0,Center Independent Research & Development: GSFC IRAD,MSD,TX08,Sensors and Instruments,1,1,GSFC
146752,Reinforcement Learning for High-Contrast Exoplanet Imaging with Coronagraphs,2023-10-01,2024-09-30,Completed,Released,1.0,3.0,3.0,Center Independent Research & Development: GSFC IRAD,MSD,TX08,Sensors and Instruments,1,1,GSFC
146748,Advancing Digital Engineering at NASA: Cloud-Based CAE Tools and AI-Enabled Automation,2023-10-01,2024-09-30,Completed,Released,4.0,6.0,6.0,Center Independent Research & Development: GSFC IRAD,MSD,TX12.3.3,Design and Analysis Tools and Methods,3,5,GSFC
146794,Balloon Airborne Laser Telemetry Operation,2023-10-01,2024-09-30,Completed,Released,1.0,3.0,3.0,Center Independent Research & Development: GSFC IRAD,MSD,TX05.1,Optical Communications,2,2,WFF
146768,OnAIR Demonstration with SCENIC,2023-10-01,2024-09-30,Completed,Released,4.0,7.0,7.0,Center Independent Research & Development: GSFC IRAD,MSD,TX10.2,Reasoning and Acting Technologies,2,1,GSFC
157212,Sublimation Rates and Sample Stability for In Situ Ocean Worlds Measurements,2024-05-01,2024-09-30,Completed,Released,4.0,6.0,6.0,Center Independent Research & Development: GSFC IRAD,MSD,TX08.3.3,Sample Handling,3,1,GSFC
117114,Precision Image Based Wavefront Sensor for LUVOIR,2022-10-01,2024-09-30,Completed,Released,1.0,4.0,4.0,Center Independent Research & Development: GSFC IRAD,MSD,TX08.2.1,Mirror Systems,3,2,GSFC
146766,Weaving a Digital Thread in the IDC with CATTENS,2023-10-01,2024-09-30,Completed,Released,2.0,7.0,7.0,Center Independent Research & Development: GSFC IRAD,MSD,TX11,"Software, Modeling, Simulation, and Information Processing",1,1,GSFC
146749,"Advancing Evolved Structures: Maturation, Infusion, and Technology Advancement",2023-10-01,2024-09-30,Completed,Released,5.0,6.0,6.0,Center Independent Research & Development: GSFC IRAD,MSD,TX12.3.3,Design and Analysis Tools and Methods,3,1,GSFC
157200,Environmentally stable ultraviolet broadband coatings for improved astronomical instrumentation,2024-05-01,2024-09-30,Completed,Released,3.0,4.0,4.0,Center Independent Research & Development: GSFC IRAD,MSD,TX08.2.1,Mirror Systems,3,1,GSFC
146772,Wallops Flight Facility Compute Module 4,2023-10-01,2025-09-30,Completed,Released,2.0,6.0,6.0,Center Independent Research & Development: GSFC IRAD,MSD,TX02,Flight Computing and Avionics,1,5,WFF
117130,1030nm CASALS Lidar for Lunar Science,2022-10-01,2025-09-30,Completed,Released,2.0,2.0,3.0,Center Independent Research & Development: GSFC IRAD,MSD,TX08,Sensors and Instruments,1,1,GSFC
146770,DSM Agent Autonomy - Event-Driven Planning,2023-10-01,2024-09-30,Completed,Released,4.0,6.0,6.0,Center Independent Research & Development: GSFC IRAD,MSD,TX10.2.2,Activity and Resource Planning and Scheduling,3,1,GSFC
146767,Towards Learning-based Visual Perception with GAVIN: the Goddard AI Verification and INtegration Tool Suite,2023-10-01,2024-09-30,Completed,Released,1.0,6.0,6.0,Center Independent Research & Development: GSFC IRAD,MSD,TX11.4.2,Intelligent Data Understanding,3,1,GSFC
117159,Investigation on the modulation of locked PIC lasers for  Microwave Photonic Radars,2022-10-01,2025-09-30,Completed,Released,1.0,3.0,4.0,Center Independent Research & Development: GSFC IRAD,MSD,TX08.1,Remote Sensing Instruments and Sensors,2,1,GSFC
117116,Cloud Evolution Targeting Radar Concept Study,2022-10-01,2025-09-30,Completed,Released,1.0,2.0,3.0,Center Independent Research & Development: GSFC IRAD,MSD,TX08,Sensors and Instruments,1,1,GSFC
146747,Material Characterization and Certification of Additively Manufactured Metal for Flight Hardware Applications,2023-10-01,2025-09-30,Completed,Released,3.0,4.0,6.0,Center Independent Research & Development: GSFC IRAD,MSD,TX12,"Materials, Structures, Mechanical Systems, and Manufacturing",1,3,WFF
97188,Expert-Informed Autonomous Science Planning for In-situ Observations and Discoveries,2021-06-20,2023-05-31,Completed,Released,,,,Concepts for Ocean Worlds Life Detection Technology,SMD,TX10.2.1,Mission Planning and Scheduling,3,1,
96495,Maturation of the Potassium-Argon Laser Experiment (KArLE),2019-01-01,2022-03-31,Completed,Released,4.0,5.0,6.0,Development and Advancement of Lunar Instrumentation,SMD,TX08.3,In Situ Instruments and Sensors,2,5,GSFC
96493,The Lunar Environment Monitoring Station (LEMS),2019-01-01,2022-03-31,Completed,Released,4.0,5.0,6.0,Development and Advancement of Lunar Instrumentation,SMD,TX08.3,In Situ Instruments and Sensors,2,4,UMBC
96500,Submillimeter Solar Observation Lunar Volatiles Experiment (SSOLVE),2019-04-01,2023-04-30,Completed,Released,4.0,5.0,6.0,Development and Advancement of Lunar Instrumentation,SMD,TX08.3,In Situ Instruments and Sensors,2,2,UMCP
116091,High Temperature UV near field Imager,2022-02-01,2025-01-31,Completed,Released,2.0,2.0,5.0,Hot Operating Temperature Technology,SMD,TX08.3,In Situ Instruments and Sensors,2,3,
96503,Lunar Super Low-Frequency Atomic Seismometer,2019-01-01,2025-11-30,Completed,Released,4.0,5.0,6.0,Development and Advancement of Lunar Instrumentation,SMD,TX08.3,In Situ Instruments and Sensors,2,2,CalTech
97157,"DRILLAWAY: aDaptive, ResIlient Learning-enabLed oceAn World AutonomY",2021-06-20,2023-05-31,Completed,Released,2.0,,4.0,Concepts for Ocean Worlds Life Detection Technology,SMD,TX10.2.4,Execution and Control,3,1,
117502,Extraterrestrial Molecular Indicators of Life Investigation,2023-02-01,2026-01-31,Completed,Released,5.0,,6.0,Maturation of Instruments for Solar System Exploration,SMD,TX08.3,In Situ Instruments and Sensors,2,13,HQ
96498,XTRA:  An eXTraterrestrial Regolith Analyzer for Lunar Soil,2018-10-01,2025-09-30,Completed,Released,4.0,5.0,6.0,Development and Advancement of Lunar Instrumentation,SMD,TX08.3,In Situ Instruments and Sensors,2,9,ARC
96502,Maturation of the Bulk Elemental Composition Analyzer (BECA) for Surface and Sub-surface Lunar Studies,2018-12-01,2023-04-30,Completed,Released,4.0,5.0,6.0,Development and Advancement of Lunar Instrumentation,SMD,TX08.3,In Situ Instruments and Sensors,2,3,GSFC
96541,A feasibility study of Raman optical activity for the detection and discrimination of chiral biological compounds for planetary science instrumentation,2020-07-01,2022-06-30,Completed,Released,1.0,1.0,3.0,Planetary Instrument Concepts for the Advancement of Solar System Observations,SMD,TX08.3,In Situ Instruments and Sensors,2,1,
96540,Detection of Organics by Gas Chromatography/Gas Phase Fluorescence (GC/GPF),2020-04-01,2023-03-31,Completed,Released,2.0,2.0,4.0,Planetary Instrument Concepts for the Advancement of Solar System Observations,SMD,TX08.3,In Situ Instruments and Sensors,2,2,ARC
96537,UV/Visible Photon Counting and Imaging Silicon Detectors for Planetary Science Instruments,2020-10-01,2023-09-30,Completed,Released,3.0,3.0,4.0,Planetary Instrument Concepts for the Advancement of Solar System Observations,SMD,TX08.3,In Situ Instruments and Sensors,2,3,CalTech
96532,RAMS: RAman-Mass Spectrometer for planetary exploration,2020-06-01,2023-05-31,Completed,Released,2.0,2.0,4.0,Planetary Instrument Concepts for the Advancement of Solar System Observations,SMD,TX08.3,In Situ Instruments and Sensors,2,3,GSFC
96531,Bubble-based Ocean-worlds Organics Sample Trap (BOOST),2020-07-01,2023-06-30,Completed,Released,2.0,2.0,4.0,Planetary Instrument Concepts for the Advancement of Solar System Observations,SMD,TX08.3,In Situ Instruments and Sensors,2,3,MIT
96510,Micro-Sampling System for Mineralogical Instruments,2020-08-01,2023-07-31,Completed,Released,3.0,3.0,4.0,Planetary Instrument Concepts for the Advancement of Solar System Observations,SMD,TX08.3,In Situ Instruments and Sensors,2,4,SETI
96509,Soil Properties Assessment Resistance and Thermal Analysis (SPARTA),2020-06-01,2023-05-31,Completed,Released,1.0,1.0,3.0,Planetary Instrument Concepts for the Advancement of Solar System Observations,SMD,TX08.3,In Situ Instruments and Sensors,2,3,CalTech
95813,Radiation Hard and High Temperature Tolerant Thermal Imagers (HOT IR),2019-06-01,2022-05-31,Completed,Released,2.0,2.0,4.0,Planetary Instrument Concepts for the Advancement of Solar System Observations,SMD,TX08.1.1,Detectors and Focal Planes,3,3,CalTech
95811,Venus In-Situ Surface Imager,2019-07-01,2022-06-30,Completed,Released,3.0,3.0,4.0,Planetary Instrument Concepts for the Advancement of Solar System Observations,SMD,TX08.3.5,Electromagnetic Wave–Based Sensors,3,3,OAI
95809,Electronic Life-detection Instrument for Enceladus/Europa (ELIE),2019-07-01,2022-06-30,Completed,Released,2.0,2.0,4.0,Planetary Instrument Concepts for the Advancement of Solar System Observations,SMD,TX08.3.2,Atomic and Molecular Species Assessment,3,3,MIT
95816,A Far-UV Micromirror Integral Field Spectrograph for Planetary Science,2019-06-01,2022-06-30,Completed,Released,2.0,2.0,4.0,Planetary Instrument Concepts for the Advancement of Solar System Observations,SMD,TX08.1.3,Optical Components,3,4,PSI
157209,Exploring 3-Axis Fluxgate Magnetometer Sensor innovations,2024-05-01,2025-09-30,Completed,Released,4.0,4.0,5.0,Center Independent Research & Development: GSFC IRAD,MSD,TX08,Sensors and Instruments,1,2,GSFC
157210,High-Voltage Lens Stack Validation for mini-EPMA,2024-05-01,2024-09-30,Completed,Released,2.0,3.0,3.0,Center Independent Research & Development: GSFC IRAD,MSD,TX08.3,In Situ Instruments and Sensors,2,1,GSFC
117153,AstroPix: The Hosted Payload,2022-10-01,2025-09-30,Completed,Released,4.0,5.0,6.0,Center Independent Research & Development: GSFC IRAD,MSD,TX08.X,Other Sensors and Instruments,2,1,GSFC
146775,Flight Software Implementation of a Maneuver Planning Algorithm,2023-10-01,2025-09-30,Completed,Released,2.0,3.0,6.0,Center Independent Research & Development: GSFC IRAD,MSD,TX17.1.2,Targeting Algorithms,3,2,GSFC
146756,Antenna-Coupled MIR/FIR Detectors for High Sensitivity Applications,2023-10-01,2025-09-30,Completed,Released,2.0,2.0,3.0,Center Independent Research & Development: GSFC IRAD,MSD,TX08.1.1,Detectors and Focal Planes,3,1,GSFC
146252,Dual Mode Feasibility Testing,2019-10-01,2020-09-30,Completed,Released,2.0,3.0,3.0,Center Innovation Fund: MSFC CIF,STMD,TX01.1.2,Earth Storable Propellants,3,3,MSFC
105722,Lunar localization for rovers and EVAs using full scene panoramas,2021-10-01,2025-09-30,Completed,Released,2.0,3.0,5.0,Center Independent Research & Development: GSFC IRAD,MSD,TX05,"Communications, Navigation, and Orbital Debris Tracking and Characterization Systems",1,1,GSFC
117152,Global L-band Observatory for Water cycle Studies (GLOWS) - instrument technology maturation,2025-01-02,2027-01-02,Active,Released,4.0,4.0,4.0,Instrument Incubator,SMD,TX08.1.4,"Microwave, Millimeter Waves, and Submillimeter Waves",3,2,
146521,Silicon Carbide (SiC) Quantum Sensor Networks,2022-10-01,2023-09-30,Completed,Released,2.0,3.0,3.0,Center Innovation Fund: GRC CIF,STMD,TX08.3.2,Atomic and Molecular Species Assessment,3,1,GRC
106579,Human tended space biology: Enabling suborbital genomics and gene expression,2018-06-01,2026-06-30,Active,Released,6.0,6.0,6.0,Flight Opportunities,STMD,TX06.3.1,Medical Diagnosis and Prognosis,3,1,
96293,Quantifying Uncertainty and Kinematics of Earthquake Systems (QUAKES-A) Analytic Center Framework,2020-01-06,2022-09-30,Completed,Released,3.0,5.0,5.0,Advanced Information Systems Technology,SMD,TX11.2,Modeling,2,4,CalTech
96296,Development of the High Performance Version of GEOS-Chem (GCHP) to enable broad community access to high-resolution atmospheric chemistry modeling in support of NASA Earth Science,2019-12-01,2024-02-29,Completed,Released,3.0,7.0,7.0,Advanced Information Systems Technology,SMD,TX11.2,Modeling,2,4,
96299,An Analytic Center for Biodiversity and Remote Sensing Data Integration,2020-01-01,2022-03-31,Completed,Released,5.0,7.0,7.0,Advanced Information Systems Technology,SMD,TX11.2,Modeling,2,10,
96303,Multi-scale Methane Analytic Framework,2020-01-01,2022-03-27,Completed,Released,3.0,5.0,5.0,Advanced Information Systems Technology,SMD,TX11.2,Modeling,2,4,CalTech
91952,"Stratospheric Water Inventory, Tomography of Convective Hydration (SWITCH)",2017-01-23,2022-12-25,Completed,Released,4.0,5.0,5.0,Instrument Incubator,SMD,TX08.1.4,"Microwave, Millimeter Waves, and Submillimeter Waves",3,1,JPL
33098,SPACEBORNE MICROWAVE INSTRUMENT FOR HIGH RESOLUTION REMOTE SENSING OF THE EARTHâS SURFACE USING A LARGE-APERTURE MESH ANTENNA,1998-12-17,2000-12-16,Completed,Released,4.0,5.0,5.0,Instrument Incubator,SMD,TX08.1.4,"Microwave, Millimeter Waves, and Submillimeter Waves",3,2,HQ
96297,Valid time-series analyses of satellite data to obtain statistical inference about spatiotemporal trends at global scales,2020-02-21,2022-08-31,Completed,Released,2.0,5.0,5.0,Advanced Information Systems Technology,SMD,TX11.4,Information Processing and Artificial Intelligence,2,1,
92791,Enabling multi-platform mission planning and operations simulation environments for adaptive remote sensors,2017-08-16,2019-11-01,Completed,Released,2.0,4.0,4.0,Advanced Information Systems Technology,SMD,TX11.5.1,Tools and Methodologies for Defining Mission Architectures and Mission Design,3,1,OSU
34758,"High Efficiency, Digitally Calibrated TR Modules Enabling Lightweight SweepSAR Architectures for NASA-ISPO SAR (NISAR)-class Radar Instruments",2012-02-07,2015-02-06,Completed,Released,3.0,5.0,5.0,Advanced Component Technology Program,SMD,TX08.1.4,"Microwave, Millimeter Waves, and Submillimeter Waves",3,2,HQ
10969,On-Board Processing (OBP) to Advance the PanFTS Imaging System for GEO-CAPE,2012-06-01,2015-09-30,Completed,Released,3.0,5.0,,Advanced Information Systems Technology,SMD,TX02.2.5,High-Speed Onboard Interconnects and Networks,3,2,HQ
94898,Compact Total Irradiance Monitor Flight Demonstration,2018-09-17,2025-02-22,Completed,Released,5.0,9.0,9.0,In-space Validation of Earth Science Technologies,SMD,TX08.1.4,"Microwave, Millimeter Waves, and Submillimeter Waves",3,2,LASP
96309,Surrogate modeling for atmospheric chemistry and data assimilation,2020-01-16,2023-09-30,Completed,Released,2.0,3.0,3.0,Advanced Information Systems Technology,SMD,TX11.2,Modeling,2,1,
33097,Laser Ranging Frequency Stabilization for GRACE II,2008-08-15,2011-10-30,Completed,Released,3.0,5.0,5.0,Instrument Incubator,SMD,TX08.1.4,"Microwave, Millimeter Waves, and Submillimeter Waves",3,2,HQ
17501,Beamsteerable GNSS Radio Occultation ASIC,2015-01-15,2017-03-31,Completed,Released,2.0,5.0,,Advanced Component Technology Program,SMD,TX08.1.4,"Microwave, Millimeter Waves, and Submillimeter Waves",3,3,HQ
10989,Next-Generation Real-Time Geodetic Station Sensor Web for Natural Hazards Research and Applications,2009-05-01,2012-05-01,Completed,Released,3.0,6.0,6.0,Advanced Information Systems Technology,SMD,TX13.2.5,Flight and Ground Testing Methodologies,3,3,HQ
34775,SRI-CubeSat Imaging Radar for Earth Science,2015-01-15,2016-08-14,Completed,Released,2.0,5.0,5.0,Advanced Component Technology Program,SMD,TX08.1.4,"Microwave, Millimeter Waves, and Submillimeter Waves",3,3,HQ
91932,Wideband Autocorrelation Radiometer Receiver Development and Demonstration for Direct Measurement of Terrestrial Snow and Ice Accumulation,2017-06-01,2020-12-31,Completed,Released,2.0,3.0,3.0,Instrument Incubator,SMD,TX08.1.4,"Microwave, Millimeter Waves, and Submillimeter Waves",3,1,
34767,"Fiber-based, Trace-gas, Laser Transmitter Technology Development for Space",2015-01-14,2019-09-30,Completed,Released,3.0,4.0,4.0,Earth Science,SMD,TX08.1.2,Electronics,3,2,HQ
11903,Plume Tracer: Interactive Mapping of Atmospheric Plumes via GPU-based Volumetric Ray Casting,2012-05-01,2015-07-31,Completed,Released,2.0,2.0,,Advanced Information Systems Technology,SMD,TX10.2.7,Learning and Adaptation,3,3,HQ
11838,A mission simulation and evaluation platform for terrestrial hydrology using the NASA Land Information System (LIS),2012-04-01,2015-09-30,Completed,Released,2.0,6.0,6.0,Advanced Information Systems Technology,SMD,TX11.5.1,Tools and Methodologies for Defining Mission Architectures and Mission Design,3,2,HQ
92764,SpaceCubeX: On-board processing for Distributed Measurement and Multi-Satellite Missions,2017-09-01,2020-01-31,Completed,Released,3.0,4.0,4.0,Advanced Information Systems Technology,SMD,TX02.1.5,High-Performance Field-Programmable Gate Arrays,3,1,USC-ISI
15873,A Compact Adaptable Microwave Limb Sounder for Atmospheric Composition,2014-04-01,2019-03-31,Completed,Released,3.0,5.0,5.0,Instrument Incubator,SMD,TX08.1.4,"Microwave, Millimeter Waves, and Submillimeter Waves",3,2,HQ
93122,Advancing Climate Observation: Radiometer Assessment using Vertically Aligned Nanotubes: RAVAN: Radiometer Assessment using Vertically Aligned Nanotubes,2013-08-16,2018-08-20,Completed,Released,5.0,7.0,,Earth Science,SMD,TX08.1.4,"Microwave, Millimeter Waves, and Submillimeter Waves",3,3,HQ
96314,Predicting What We Breathe: Using Machine Learning to Understand Air Quality,2020-05-18,2024-12-31,Completed,Released,2.0,4.0,4.0,Advanced Information Systems Technology,SMD,TX11.2,Modeling,2,1,USC
18711,"Mining and Utilizing Dataset Relevancy from Oceanographic Dataset Metadata, Usage Metrics, and User Feedback to Improve Data Discovery and Access",2015-06-01,2017-06-30,Completed,Released,5.0,6.0,,Advanced Information Systems Technology,SMD,TX11.4.2,Intelligent Data Understanding,3,3,HQ
92992,"Enhancement, Demonstration, and Validation of the Wideband Instrument for Snow Measurements: An 8-40 GHz Wideband Instrument for Snow Measurements (WISM)",2014-06-01,2017-09-30,Completed,Released,4.0,6.0,,Instrument Incubator,SMD,TX08.1.4,"Microwave, Millimeter Waves, and Submillimeter Waves",3,3,HQ
96938,Ultra-Wideband Photonic Spectrometer for PBL Sensing,2021-05-25,2025-09-01,Completed,Released,2.0,3.0,6.0,Advanced Component Technology Program,SMD,TX08.X,Other Sensors and Instruments,2,3,
91949,Advanced Development of a Multi-Angle Stratospheric Aerosol Radiometer (MASTAR),2017-01-01,2020-12-31,Completed,Released,2.0,4.0,4.0,Instrument Incubator,SMD,TX08.1.4,"Microwave, Millimeter Waves, and Submillimeter Waves",3,1,SSAI
91984,SWIRP: Compact Submm-Wave and LWIR Polarimeters for Cirrus Ice Properties,2017-01-18,2022-04-30,Completed,Released,3.0,4.0,4.0,Instrument Incubator,SMD,TX08.1.4,"Microwave, Millimeter Waves, and Submillimeter Waves",3,1,GSFC
11859,Empowering Cloud Resolving Models Through GPU and Asynchronous IO,2012-05-15,2015-05-14,Completed,Released,2.0,4.0,4.0,Advanced Information Systems Technology,SMD,TX11.6.3,Exascale Supercomputer File System,3,2,HQ
40857,Compact Infrared Radiometer in Space,2016-01-11,2023-01-31,Completed,Released,5.0,9.0,9.0,In-space Validation of Earth Science Technologies,SMD,TX08.1.4,"Microwave, Millimeter Waves, and Submillimeter Waves",3,1,
40846,"RainCube, A Precipitation Profiling Radar in a CubeSat",2015-11-16,2021-03-31,Completed,Released,4.0,8.0,8.0,In-space Validation of Earth Science Technologies,SMD,TX08.2.2,Structures and Antennas,3,2,JPL
11036,ASCENDS Lidar: Acceleration and demonstrations of key space lidar technologies,2011-04-01,2015-03-31,Completed,Released,3.0,4.0,5.0,Instrument Incubator,SMD,TX08.1.5,Lasers,3,2,HQ
18714,Uncovering effects of climate variables on global vegetation,2015-06-01,2017-09-30,Completed,Released,2.0,4.0,,Advanced Information Systems Technology,SMD,TX11.4.3,Semantic Technologies,3,3,HQ
15085,High Accuracy Vector Helium Magnetometer,2014-08-26,2017-12-05,Completed,Released,4.0,6.0,,Instrument Incubator,SMD,TX08.3.1,Field and Particle Detectors,3,3,HQ
18663,NASA Information And Data System for Earth Science Data Fusion and Analytics,2015-02-01,2017-12-31,Completed,Released,3.0,6.0,,Advanced Information Systems Technology,SMD,TX11.4.1,"Science, Engineering, and Mission Data Life Cycle",3,2,HQ
34771,Estimating Carbon Fluxes with Quantum Enabled Annealing Algorithms,2015-06-01,2017-06-01,Completed,Released,2.0,4.0,4.0,Advanced Information Systems Technology,SMD,TX11.4.1,"Science, Engineering, and Mission Data Life Cycle",3,3,HQ
11861,Fusion of Hurricane Models and Observations: Developing the Technology to Improve the Forecasts,2012-06-01,2016-01-31,Completed,Released,3.0,6.0,6.0,Advanced Information Systems Technology,SMD,TX11.4.1,"Science, Engineering, and Mission Data Life Cycle",3,2,HQ
10478,A Compact Remote Sensing Lidar for High Resolution Measurements of Methane,2011-12-15,2015-04-14,Completed,Released,2.0,4.0,,Advanced Component Technology Program,SMD,TX08.1.5,Lasers,3,2,HQ
92790,Advanced Pheno-climatic Information System,2017-11-06,2020-02-28,Completed,Released,2.0,4.0,4.0,Advanced Information Systems Technology,SMD,TX11.4.1,"Science, Engineering, and Mission Data Life Cycle",3,1,USGS
92796,JAWS: Justified AWS-like data through workflow enhancements that ease access and add scientific value,2017-10-01,2019-10-11,Completed,Released,3.0,6.0,6.0,Advanced Information Systems Technology,SMD,TX11.4.1,"Science, Engineering, and Mission Data Life Cycle",3,1,
10472,Combined HSRL and Optical Autocovarience Wind Lidar Demonstration,2012-02-15,2015-07-31,Completed,Released,2.0,4.0,4.0,Advanced Component Technology Program,SMD,TX08.1.5,Lasers,3,3,HQ
10469,High Power Mid-IR Laser Development 2.8 to 3.5 Microns,2011-12-01,2015-02-09,Completed,Released,3.0,4.0,4.0,Advanced Component Technology Program,SMD,TX08.1.5,Lasers,3,3,HQ
92784,Multi-Instrument Radiative Transfer and Retrieval Framework,2017-10-01,2020-01-31,Completed,Released,3.0,4.0,4.0,Advanced Information Systems Technology,SMD,TX11.1.7,"Frameworks, Languages, Tools, and Standards",3,1,CalTech
18784,Model Predictive Control Architecture for Optimizing Earth Science Data Collection,2015-05-01,2017-05-16,Completed,Released,2.0,4.0,,Advanced Information Systems Technology,SMD,TX11.1.7,"Frameworks, Languages, Tools, and Standards",3,3,HQ
34779,Green OAWL Airborne Demostrator,2015-03-01,2018-03-31,Completed,Released,3.0,5.0,,Earth Science,SMD,TX08.1.5,Lasers,3,3,HQ
18871,Triple-Pulsed 2-Micron Direct Detection Airborne Lidar for Simultaneous and Independent CO2 and H2O Column Measurement Novel Lidar Technologies and Techniques with Path to Space,2014-07-01,2018-10-03,Completed,Released,3.0,6.0,6.0,Instrument Incubator,SMD,TX08.1.5,Lasers,3,2,HQ
92771,Estimations of fuel moisture content for improved wildland fire spread prediction,2017-08-15,2020-07-31,Completed,Released,2.0,5.0,5.0,Advanced Information Systems Technology,SMD,TX11.2.4,Science Modeling,3,1,UCAR
17496,Lidar Orbital Angular Momentum Sensor,2015-01-15,2018-07-14,Completed,Released,2.0,3.0,,Advanced Component Technology Program,SMD,TX08.1.5,Lasers,3,3,HQ
10482,A 2-micron Pulsed Laser Transmitter for Direct Detection Column CO2 Measurement from Space,2011-12-15,2015-10-29,Completed,Released,3.0,4.0,4.0,Advanced Component Technology Program,SMD,TX08.1.5,Lasers,3,2,HQ
10943,A Flight-like Prototype of the Ocean Radiometer for Carbon Assessment (ORCA),2011-02-10,2014-02-09,Completed,Released,3.0,5.0,,Instrument Incubator,SMD,TX08.1.5,Lasers,3,2,HQ
10974,ASCENDS CarbonHawk Experiment Simulator,2011-04-03,2014-11-21,Completed,Released,3.0,5.0,5.0,Instrument Incubator,SMD,TX08.1.5,Lasers,3,2,HQ
10982,Prototype Sensor Development for Geostationary Trace gas and Aerosol Sensor Optimization (GEO-TASO) for the GEO-CAPE Mission,2011-05-01,2014-12-31,Completed,Released,3.0,6.0,,Instrument Incubator,SMD,TX08.1.5,Lasers,3,2,HQ
10983,An Advanced Imaging Lidar for Forest Carbon Studies,2010-10-01,2013-03-29,Completed,Released,,,,Earth Science,SMD,TX08.1.5,Lasers,3,2,HQ
11026,Efficient Swath Mapping Laser Altimetry Demonstration,2008-10-01,2012-09-28,Completed,Released,3.0,5.0,,Instrument Incubator,SMD,TX08.1.5,Lasers,3,1,HQ
11040,Fabry-Perot Interferometry for Cloud-Aerosol Transport System (CATS) Lidar Receiver,2008-12-01,2011-04-15,Completed,Released,3.0,4.0,,Advanced Component Technology Program,SMD,TX08.1.5,Lasers,3,1,HQ
15095,Cold Atom Gravity Gradiometer for Geodesy,2014-08-26,2018-03-31,Completed,Released,3.0,4.0,,Instrument Incubator,SMD,TX08.1.5,Lasers,3,2,HQ
34759,Advanced Amplifier Based Receiver Front Ends for Submillimeter-Wave Sounders,2012-02-07,2015-02-06,Completed,Released,3.0,5.0,5.0,Advanced Component Technology Program,SMD,TX08.1.2,Electronics,3,2,HQ
11032,"A High Performance, Onboard Multicore Intelligent Payload Module for Orbital and Suborbital Remote Sensing Missions",2009-03-15,2012-05-04,Completed,Released,4.0,6.0,,Advanced Information Systems Technology,SMD,TX08.1.2,Electronics,3,2,HQ
92779,Generative models to forecast community reorganization with climate change,2017-06-29,2019-12-31,Completed,Released,3.0,6.0,6.0,Advanced Information Systems Technology,SMD,TX11.2.4,Science Modeling,3,1,
15099,Multi-wavelength Ocean Profiling and Atmospheric Lidar,2014-08-15,2019-10-09,Completed,Released,3.0,6.0,6.0,Instrument Incubator,SMD,TX08.1.5,Lasers,3,2,HQ
17479,A Compact Trace Gas Lidar for Simultaneous Measurements of Methane and Water Vapor Column Abundance,2015-03-15,2018-09-30,Completed,Released,3.0,4.0,,Advanced Component Technology Program,SMD,TX08.1.5,Lasers,3,2,HQ
10479,"Design and Fabrication of a Breadboard, Fully Conductively Cooled, 2-Micron, Pulsed Laser for the 3-D Winds Decadal Survey Mission",2012-05-07,2015-12-06,Completed,Released,3.0,3.0,3.0,Advanced Component Technology Program,SMD,TX08.1.5,Lasers,3,2,HQ
91960,Development and Demonstration of an Airborne Differential Absorption Radar for Humidity Sounding Inside Clouds,2017-01-23,2020-07-22,Completed,Released,3.0,6.0,6.0,Instrument Incubator,SMD,TX08.3.4,Environment Sensors,3,1,JPL
40865,CubeRRT: CubeSat Radiometer Radio Frequency Interference Technology Validation,2016-01-04,2020-07-31,Completed,Released,5.0,7.0,7.0,In-space Validation of Earth Science Technologies,SMD,TX08.1.4,"Microwave, Millimeter Waves, and Submillimeter Waves",3,1,OSU
11029,"Antenna Technologies for 3D Imaging, Wide Swath Radar Supporting ACE",2011-12-01,2015-04-17,Completed,Released,3.0,4.0,4.0,Instrument Incubator,SMD,TX17.2.3,Navigation Sensors,3,2,HQ
10951,Multivariate Data Fusion and Uncertainty Quantification for Remote Sensing,2009-05-01,2012-04-30,Completed,Released,3.0,6.0,6.0,Advanced Information Systems Technology,SMD,TX11.2.4,Science Modeling,3,2,HQ
92787,NeMO-Net – The Neural Multi-Modal Observation & Training Network for Global Coral Reef Assessment,2017-09-01,2021-09-30,Completed,Released,2.0,5.0,5.0,Advanced Information Systems Technology,SMD,TX11.2.4,Science Modeling,3,1,ARC
34760,"Super Cloud Library: Empowering Data Management, Diagnosis, and Visualization of Cloud-Resolving Models (CRM) with Spark and Hadoop",2015-02-24,2017-02-27,Completed,Released,2.0,5.0,5.0,Advanced Information Systems Technology,SMD,TX11.4.4,Collaborative Science and Engineering,3,2,HQ
92766,"Computational Technologies: ""An Assessment of Hybrid Quantum Annealing Approaches for Inferring and Assimilating Satellite Surface Flux Data into Global Land Surface Models.""",2017-09-01,2022-05-31,Completed,Released,3.0,7.0,7.0,Advanced Information Systems Technology,SMD,TX11.6.4,Quantum Computer,3,1,UMBC
11001,HyperSpectral Imager for Climate Science,2011-09-01,2014-11-30,Completed,Released,3.0,6.0,6.0,Instrument Incubator,SMD,TX13.1.1,Natural- and Induced-Environment Characterization and Mitigation,3,3,HQ
96300,"Towards the Next Generation of Land Surface Remote Sensing: A Comparative Analysis of Passive Optical, Passive Microwave, Active Microwave, and LiDAR Retrievals",2020-01-01,2022-12-31,Completed,Released,3.0,6.0,6.0,Advanced Information Systems Technology,SMD,TX11.5,"Mission Architecture, Systems Analysis, and Concept Development",2,2,UMCP
96311,StereoBit: Advanced Onboard Science Data Processing to Enable Future Earth Science,2019-11-01,2022-01-31,Completed,Released,4.0,6.0,6.0,Advanced Information Systems Technology,SMD,TX11.5,"Mission Architecture, Systems Analysis, and Concept Development",2,4,
96313,D-SHIELD: Distributed Spacecraft with Heuristic Intelligence to Enable Logistical Decisions,2020-02-01,2024-06-30,Completed,Released,2.0,4.0,4.0,Advanced Information Systems Technology,SMD,TX11.5,"Mission Architecture, Systems Analysis, and Concept Development",2,7,ARC
11837,A Community-Driven Workflow Recommendation and Reuse Infrastructure,2012-11-01,2015-04-30,Completed,Released,3.0,4.0,4.0,Earth Science,SMD,TX11.4.2,Intelligent Data Understanding,3,3,HQ
11843,Advanced Rapid Imaging & Analysis for Monitoring Hazards,2012-06-01,2016-08-31,Completed,Released,3.0,7.0,7.0,Advanced Information Systems Technology,SMD,TX11.4.2,Intelligent Data Understanding,3,2,HQ
11847,Automated Event Service: Efficient and Flexible Searching for Earth Science Phenomena,2012-06-01,2015-08-31,Completed,Released,2.0,5.0,5.0,Advanced Information Systems Technology,SMD,TX11.4.2,Intelligent Data Understanding,3,2,HQ
10958,QuakeSim: Multi-Source Synergistic Data Intensive Computing for Earth Science,2009-02-23,2012-02-29,Completed,Released,4.0,5.0,,Advanced Information Systems Technology,SMD,TX11.4.4,Collaborative Science and Engineering,3,2,HQ
96308,"The bridge from canopy condition to continental scale biodiversity forecasts, including the rare species of greatest conservation concern",2020-02-01,2022-05-31,Completed,Released,4.0,6.0,6.0,Advanced Information Systems Technology,SMD,TX11.2,Modeling,2,3,
11021,Semi-Automatic Science Workflow Synthesis for High-End Computing on the NASA Earth Exchange,2009-03-01,2012-02-29,Completed,Released,3.0,6.0,,Advanced Information Systems Technology,SMD,TX11.4.4,Collaborative Science and Engineering,3,2,HQ
18708,"Prototyping agile production, analytics and visualization pipelines for big-data on the NASA Earth Exchange (NEX)",2015-04-01,2017-05-03,Completed,Released,4.0,6.0,6.0,Advanced Information Systems Technology,SMD,TX11.4.4,Collaborative Science and Engineering,3,3,HQ
34754,Cloud Enabled Scientific Collaborative Research Environment,2012-11-01,2014-10-31,Completed,Released,3.0,5.0,5.0,Earth Science,SMD,TX11.4.4,Collaborative Science and Engineering,3,2,JPL
13646,iISCE: InSAR Scientific Computing Environment on the Cloud,2013-09-01,2015-11-30,Completed,Released,5.0,6.0,6.0,Advanced Information Systems Technology,SMD,TX11.4.2,Intelligent Data Understanding,3,2,HQ
18664,DEREChOS: Data Environment for Rapid Exploration and Characterization of Organized Systems,2015-05-01,2017-06-23,Completed,Released,3.0,4.0,,Advanced Information Systems Technology,SMD,TX11.4.2,Intelligent Data Understanding,3,3,HQ
92792,Autonomous Moisture Continuum Sensing Network,2017-09-01,2020-03-31,Completed,Released,2.0,4.0,4.0,Advanced Information Systems Technology,SMD,TX08.3.4,Environment Sensors,3,1,MIT
18687,Pattern-based GIS for understanding content of very large Earth Science datasets,2015-07-01,2017-06-30,Completed,Released,3.0,5.0,,Advanced Information Systems Technology,SMD,TX11.4.2,Intelligent Data Understanding,3,3,HQ
18727,OceanXtremes: Oceanographic Data-Intensive Anomaly Detection and Analysis Portal,2015-06-01,2017-05-03,Completed,Released,2.0,4.0,4.0,Advanced Information Systems Technology,SMD,TX11.4.2,Intelligent Data Understanding,3,2,HQ
18743,Ontology-based Metadata Portal for Unified Semantics,2015-02-01,2017-02-23,Completed,Released,3.0,5.0,,Advanced Information Systems Technology,SMD,TX11.4.2,Intelligent Data Understanding,3,2,HQ
92782,Framework for Mining and Analysis of Petabyte-size Time-series on the NASA Earth Exchange (NEX),2018-02-01,2020-03-16,Completed,Released,2.0,3.0,3.0,Advanced Information Systems Technology,SMD,TX11.4.4,Collaborative Science and Engineering,3,2,ARC
18754,AMIGHO: Automated Metadata Ingest for GNSS Hydrology within OODT,2015-06-01,2018-05-31,Completed,Released,4.0,5.0,,Advanced Information Systems Technology,SMD,TX11.4.2,Intelligent Data Understanding,3,3,HQ
11028,Integration of Cloud-Aerosol Transport System (CATS) to high-altitude research aircraft,2010-12-21,2012-12-20,Completed,Released,,,,Earth Science,SMD,TX08.3.4,Environment Sensors,3,1,HQ
34777,Distributed Oceanographic Match-up Service,2015-02-17,2017-06-30,Completed,Released,2.0,4.0,4.0,Advanced Information Systems Technology,SMD,TX11.4.5,Cyber Infrastructure,3,3,HQ
11033,Quantum Well Multiplier Infrared Photodetectors,2009-01-15,2012-01-14,Completed,Released,1.0,3.0,,Advanced Component Technology Program,SMD,TX08.1.1,Detectors and Focal Planes,3,2,HQ
11031,"Hybridized Visible-NIR Blind (Al, In) GaN Focal Plane Arrays",2009-01-05,2012-10-01,Completed,Released,2.0,3.0,,Advanced Component Technology Program,SMD,TX08.1.1,Detectors and Focal Planes,3,1,HQ
10964,A deployable 4-meter 180 to 680 GHz antenna for the Scanning Microwave Limb Sounder,2011-04-01,2015-10-28,Completed,Released,3.0,5.0,5.0,Instrument Incubator,SMD,TX05.2.6,Innovative Antennas,3,2,HQ
10960,A Multi-parameter Atmospheric Profiling Radar for ACE (ACERAD),2008-08-15,2013-12-31,Completed,Released,3.0,5.0,,Instrument Incubator,SMD,TX08.1.4,"Microwave, Millimeter Waves, and Submillimeter Waves",3,1,HQ
94345,P/I band multi-frequency reflectometry antenna for a U-class constellation,2018-01-02,2021-02-14,Completed,Released,2.0,4.0,4.0,Advanced Component Technology Program,SMD,TX05.2.6,Innovative Antennas,3,3,
96310,SPCTOR: Sensing-Policy Controller and OptimizeR,2020-01-01,2023-05-15,Completed,Released,2.0,4.0,4.0,Advanced Information Systems Technology,SMD,TX11.X,"Other Software, Modeling, Simulation, and Information Processing",2,3,USC
10953,Panchromatic Fourier Transform Spectrometer (PanFTS) Instrument for the Geostationary Coastal and Air Pollution Events (GEO-CAPE) Mission,2008-08-15,2011-11-15,Completed,Released,3.0,5.0,,Instrument Incubator,SMD,TX08.1.4,"Microwave, Millimeter Waves, and Submillimeter Waves",3,2,HQ
10948,AirSWOT: the SWOT Cal/Val Platform,2011-04-01,2013-04-30,Completed,Released,3.0,6.0,6.0,Instrument Incubator,SMD,TX08.1.4,"Microwave, Millimeter Waves, and Submillimeter Waves",3,1,HQ
34756,Development of an Internally-Calibrated Wide-Band Airborne Microwave Radiometer to Provide High-Resolution Wet-Tropospheric Path Delay Measurements for SWOT (HAMMR - High-frequency Airborne Microwave and Millimeter-wave Radiometer),2011-05-24,2015-01-31,Completed,Released,3.0,5.0,5.0,Instrument Incubator,SMD,TX08.1.4,"Microwave, Millimeter Waves, and Submillimeter Waves",3,2,HQ
34346,Engineering Model Panchromatic Fourier Transform Spectrometer (PanFTS) Instrument for the GEO-CAPE Mission,2011-04-01,2014-05-31,Completed,Released,3.0,4.0,4.0,Instrument Incubator,SMD,TX08.1.4,"Microwave, Millimeter Waves, and Submillimeter Waves",3,2,HQ
17500,Modular Dual-band Ku/Ka Antenna Tile with Digital Calibration,2014-12-15,2019-05-26,Completed,Released,3.0,4.0,4.0,Advanced Component Technology Program,SMD,TX08.1.4,"Microwave, Millimeter Waves, and Submillimeter Waves",3,2,HQ
18867,MISTiC Winds: Midwave Infrared Sounding of Temperature and humidity in a Constellation for Winds,2014-06-01,2018-09-30,Completed,Released,4.0,5.0,5.0,Instrument Incubator,SMD,TX08.1.1,Detectors and Focal Planes,3,2,HQ
17499,A 183 GHz Humidity Sounding Radar Transceiver,2014-12-15,2018-07-01,Completed,Released,2.0,4.0,4.0,Advanced Component Technology Program,SMD,TX08.1.1,Detectors and Focal Planes,3,2,HQ
13641,The Microwave Radiometer Technology Acceleration Cubesat,2013-12-11,2018-05-15,Completed,Released,5.0,6.0,6.0,Earth Science,SMD,TX08.1.1,Detectors and Focal Planes,3,2,HQ
11004,GRIFEX: GEO-CAPE Read Out Integrated Circuit (ROIC) In-Flight Performance Experiment,2009-01-01,2012-01-31,Completed,Released,2.0,5.0,7.0,Advanced Component Technology Program,SMD,TX08.1.1,Detectors and Focal Planes,3,2,HQ
11000,A New Class of Advanced Accuracy Satellite Instrumentation (AASI) for the CLARREO Mission,2008-06-23,2013-06-30,Completed,Released,3.0,6.0,,Instrument Incubator,SMD,TX08.1.1,Detectors and Focal Planes,3,2,HQ
10981,Multi-Slit Offner Spectrometer,2011-05-01,2014-11-30,Completed,Released,3.0,4.0,,Instrument Incubator,SMD,TX08.1.1,Detectors and Focal Planes,3,2,HQ
10979,Absolute Calibration of the FIRST Instrument,2008-12-01,2011-11-30,Completed,Released,3.0,3.0,,Instrument Incubator,SMD,TX08.1.1,Detectors and Focal Planes,3,2,HQ
10978,"Modification of HSRL and RSP for ACE, GEO-CAPE, and Glory Applications from the NASA P-3",2011-01-04,2013-01-03,Completed,Released,,,,Earth Science,SMD,TX08.1.1,Detectors and Focal Planes,3,1,HQ
10963,Risk reduction for the PATH mission,2011-04-01,2015-12-16,Completed,Released,4.0,5.0,5.0,Instrument Incubator,SMD,TX08.1.1,Detectors and Focal Planes,3,2,HQ
10956,Prototype HyspIRI Thermal Infrared Radiometer (PHyTIR) for Earth Science,2011-04-01,2014-05-31,Completed,Released,4.0,5.0,,Instrument Incubator,SMD,TX08.1.1,Detectors and Focal Planes,3,2,HQ
10480,HgCdTe Infrared Avalanche Photodiode Single Photon Detector Arrays for the LIST and Other Decadal Missions,2012-03-01,2015-05-31,Completed,Released,2.0,4.0,5.0,Advanced Component Technology Program,SMD,TX08.1.1,Detectors and Focal Planes,3,2,HQ
10476,Development of Immersion Gratings to Enable a Compact Architecture for High Spectral and Spatial Resolution Imaging,2012-02-15,2016-02-14,Completed,Released,3.0,4.0,4.0,Advanced Component Technology Program,SMD,TX08.1.1,Detectors and Focal Planes,3,3,HQ
92760,HY-LaTiS: Evolving the functional data model through creation of a tool set for hyperspectral image analysis,2017-08-01,2020-03-31,Completed,Released,4.0,7.0,7.0,Advanced Information Systems Technology,SMD,TX08.1.1,Detectors and Focal Planes,3,1,
92033,Chrisp Compact VNIR/SWIR Imaging Spectrometer Development,2017-04-07,2019-10-28,Completed,Released,2.0,4.0,4.0,Instrument Incubator,SMD,TX08.1.1,Detectors and Focal Planes,3,1,MIT-LL
91967,An Instrument Concept for Combined Observations of GNSS and Astronomical Sources Through a Standard Signal Path for Geodetic Applications,2017-04-01,2018-09-30,Completed,Released,2.0,3.0,,Instrument Incubator,SMD,TX08.1.1,Detectors and Focal Planes,3,1,
91951,Miniaturized Imaging Spectrometer to Measure Vegetation Structure and Function - MiniSpec,2017-01-03,2020-03-02,Completed,Released,2.0,3.0,3.0,Instrument Incubator,SMD,TX08.1.1,Detectors and Focal Planes,3,1,GSFC
15097,Three Band Cloud and Precipitation Radar,2014-04-01,2019-03-31,Completed,Released,3.0,4.0,4.0,Instrument Incubator,SMD,TX08.1.4,"Microwave, Millimeter Waves, and Submillimeter Waves",3,2,HQ
34757,Aircraft deployable UV-SWIR multiangle spectropolarimetric imager,2011-04-01,2016-02-29,Completed,Released,3.0,6.0,6.0,Instrument Incubator,SMD,TX08.1.1,Detectors and Focal Planes,3,2,JPL
17477,Carbon Absolute Electrical Substitution Radiometers,2015-01-30,2020-11-20,Completed,Released,2.0,5.0,5.0,Advanced Component Technology Program,SMD,TX08.1.4,"Microwave, Millimeter Waves, and Submillimeter Waves",3,3,HQ
15098,Ka-band Doppler Scatterometer for Measurements of Ocean Vector Winds and Surface Currents,2014-05-01,2017-07-31,Completed,Released,3.0,6.0,6.0,Instrument Incubator,SMD,TX08.1.4,"Microwave, Millimeter Waves, and Submillimeter Waves",3,2,HQ
11035,"ER-2 X-band Radar (EXRAD) for Cloud, Precipitation and Wind Measurement",2010-11-29,2013-02-28,Completed,Released,,,,Earth Science,SMD,TX08.1.4,"Microwave, Millimeter Waves, and Submillimeter Waves",3,1,HQ
11027,"EcoSAR The first P-band Digital Beamforming Polarimetric Interferometric SAR instrument to measure Ecosystem Structure, Biomass and Water",2011-03-10,2014-09-30,Completed,Released,3.0,6.0,6.0,Instrument Incubator,SMD,TX08.1.4,"Microwave, Millimeter Waves, and Submillimeter Waves",3,2,HQ
10999,"Land Information System for SMAP Tier-1 and AirMOSS Earth Venture-1 Decadal Survey Missions: Integration of SoilSCAPE, remote sensing, and modeling",2009-06-01,2012-09-30,Completed,Released,2.0,6.0,7.0,Advanced Information Systems Technology,SMD,TX08.1.4,"Microwave, Millimeter Waves, and Submillimeter Waves",3,2,HQ
10994,Integration of the Solar Spectral Flux Radiometer on NASA aircraft with a miniature active leveling platform,2010-10-01,2013-09-30,Completed,Released,,,,Earth Science,SMD,TX08.1.4,"Microwave, Millimeter Waves, and Submillimeter Waves",3,2,HQ
10988,The Airborne Glacier and Land Ice Surface Topography Interferometer (GLISTIN-A and GLISTIN-H),2010-10-01,2014-02-28,Completed,Released,,,,Earth Science,SMD,TX08.1.4,"Microwave, Millimeter Waves, and Submillimeter Waves",3,2,HQ
10973,Integration of HSRL Measurement Capability into the Ozone DIAL System for Deployment on the NASA DC-8,2010-11-30,2012-11-29,Completed,Released,,,,Earth Science,SMD,TX08.1.4,"Microwave, Millimeter Waves, and Submillimeter Waves",3,2,HQ
10968,Atomic Gravity Gradiometer for Earth Gravity Mapping and Monitoring Measurements,2011-04-01,2015-04-30,Completed,Released,4.0,5.0,5.0,Instrument Incubator,SMD,TX08.1.4,"Microwave, Millimeter Waves, and Submillimeter Waves",3,2,HQ
10477,Advanced Antenna for Digital Beamforming SAR,2011-12-01,2014-04-30,Completed,Released,2.0,5.0,,Advanced Component Technology Program,SMD,TX05.2.6,Innovative Antennas,3,2,HQ
11846,An Optimized Interferometer for HSRL Applications,2012-07-02,2013-05-31,Completed,Released,3.0,4.0,,Earth Science,SMD,TX11.6.3,Exascale Supercomputer File System,3,1,HQ
10954,Onboard Processing and Autonomous Data Acquisition for the DESDynI Mission,2009-02-23,2013-09-30,Completed,Released,3.0,5.0,,Advanced Information Systems Technology,SMD,TX11.6.3,Exascale Supercomputer File System,3,1,HQ
10967,Unified Simulator for Earth Remote Sensing,2009-05-01,2012-08-01,Completed,Released,3.0,5.0,6.0,Advanced Information Systems Technology,SMD,TX11.6.3,Exascale Supercomputer File System,3,2,HQ
10996,Moving Objects Database Technology for Weather Event Analysis and Tracking,2009-05-01,2013-05-01,Completed,Released,2.0,4.0,,Advanced Information Systems Technology,SMD,TX11.6.3,Exascale Supercomputer File System,3,1,HQ
91917,Tunable Light-guide Image Processing Snapshot Spectrometer (TuLIPSS) for Earth Science Research and Observation,2017-03-01,2023-12-15,Completed,Released,3.0,4.0,4.0,Instrument Incubator,SMD,TX08.1.1,Detectors and Focal Planes,3,1,
15090,Development of a Compact Solar Spectral Irradiance Monitor with High Radiometric Accuracy and Stability,2014-04-18,2017-06-30,Completed,Released,3.0,6.0,6.0,Instrument Incubator,SMD,TX08.1.3,Optical Components,3,2,HQ
92788,Simulation-Based Uncertainty Quantification for Atmospheric Remote Sensing Retrievals,2017-10-01,2020-03-31,Completed,Released,3.0,5.0,5.0,Advanced Information Systems Technology,SMD,TX11.3.6,Uncertainty Quantification and Nondeterministic Simulation Methods,3,1,CalTech
96946,W-band RF-photonics Receiver for Compact Cloud and Precipitation Radars,2021-04-01,2025-03-31,Completed,Released,2.0,3.0,4.0,Advanced Component Technology Program,SMD,TX08.1,Remote Sensing Instruments and Sensors,2,2,CalTech
11860,EPOS for Coordination of Asynchronous Sensor Webs,2012-05-01,2015-04-30,Completed,Released,3.0,6.0,6.0,Advanced Information Systems Technology,SMD,TX10.2.2,Activity and Resource Planning and Scheduling,3,3,HQ
96411,"Multi-Spectral, Low-Mass, High-Resolution, Planar Integrated Photonic Imagers",2020-03-01,2023-12-31,Completed,Released,3.0,4.0,4.0,Instrument Incubator,SMD,TX08.1,Remote Sensing Instruments and Sensors,2,5,UC Davis
96410,MLSCube – A Microwave Limb Sounder for continuity of stratospheric observations in a 6U-CubeSat form factor,2020-04-01,2024-07-31,Completed,Released,3.0,5.0,5.0,Instrument Incubator,SMD,TX08.1,Remote Sensing Instruments and Sensors,2,3,CalTech
96409,Concurrent Artificially-intelligent Spectrometry and Adaptive Lidar System (CASALS),2020-04-01,2025-02-28,Completed,Released,2.0,4.0,4.0,Instrument Incubator,SMD,TX08.1,Remote Sensing Instruments and Sensors,2,3,GSFC
96401,Global L-band Active/Passive Observatory for Water Cycle Studies (GLOWS),2020-04-01,2024-09-30,Completed,Released,2.0,4.0,4.0,Instrument Incubator,SMD,TX08.1,Remote Sensing Instruments and Sensors,2,4,
96399,Compact Hyperspectral Air Pollution Sensor-Demonstrator (CHAPS-D),2020-01-01,2024-07-31,Completed,Released,2.0,4.0,5.0,Instrument Incubator,SMD,TX08.1,Remote Sensing Instruments and Sensors,2,5,
96398,Smart Ice Cloud Sensing,2020-03-01,2025-07-31,Completed,Released,3.0,4.0,5.0,Instrument Incubator,SMD,TX08.1,Remote Sensing Instruments and Sensors,2,4,
96397,SToRM SAR,2020-02-17,2025-02-28,Completed,Released,2.0,4.0,5.0,Instrument Incubator,SMD,TX08.1,Remote Sensing Instruments and Sensors,2,2,
96936,Photonic Lantern Interferometric Receiver for Remote Sensing Applications,2021-03-01,2024-02-28,Completed,Released,2.0,4.0,4.0,Advanced Component Technology Program,SMD,TX04.1,Sensing and Perception,2,2,UCF
40834,CubeSat Infrared Atmospheric Sounder,2016-06-01,2018-05-31,Completed,Released,5.0,5.0,,In-space Validation of Earth Science Technologies,SMD,TX08.1.6,Cryogenic/Thermal Systems,3,2,JPL
94346,"Metamaterial-based, Low SWaP, Robust and High Performance Hyperspectral Sensor for Land and Atmospheric Remote Sensing",2018-01-15,2022-06-29,Completed,Released,2.0,4.0,4.0,Advanced Component Technology Program,SMD,TX08.1.1,Detectors and Focal Planes,3,4,
94337,Laser transmitter for space-based water vapor lidar,2018-05-16,2022-12-31,Completed,Released,2.0,3.0,3.0,Advanced Component Technology Program,SMD,TX08.1.5,Lasers,3,3,MIT
94344,Very Long Wavelength Infrared Focal Plane Arrays for Earth Science Applications,2018-01-29,2022-12-30,Completed,Released,2.0,4.0,4.0,Advanced Component Technology Program,SMD,TX08.1.1,Detectors and Focal Planes,3,4,CalTech
94340,A Black Array of Broadband Absolute Radiometers (BABAR) for Spectral Measurements of the Earth,2018-04-03,2021-04-02,Completed,Released,2.0,3.0,3.0,Advanced Component Technology Program,SMD,TX08.1.1,Detectors and Focal Planes,3,2,NIST
91897,Next Generation GNSS Bistatic Radar Receiver,2017-02-01,2021-04-30,Completed,Released,4.0,6.0,6.0,Instrument Incubator,SMD,TX08.1.1,Detectors and Focal Planes,3,1,
96942,Hyperspectral imaging on photonic-integrated-circuits for future GeoCARB missions,2021-03-15,2024-12-31,Completed,Released,3.0,4.0,4.0,Advanced Component Technology Program,SMD,TX04.1,Sensing and Perception,2,6,UC Davis
106639,"Evaluation of Computed Axial Lithography for rapid, volumetric additive manufacturing under low-gravity conditions",2021-02-01,2025-05-31,Completed,Released,4.0,4.0,7.0,Flight Opportunities,STMD,TX12.4.1,Manufacturing Processes,3,3,Berkeley
117090,Urban Air Mobility (UAM) Operational Fleet Noise Assessment,2020-03-01,2024-06-30,Completed,Released,3.0,3.0,5.0,Advanced Air Vehicles Program,ARMD,TX15.1.4,Aeroacoustics,3,8,LaRC
93023,HNX/DragonTIGER Instrument Development: Position sensitive silicon particle detectors with accurate deposited energy measurement,2013-10-01,2014-09-30,Completed,Released,5.0,5.0,6.0,Center Independent Research & Development: GSFC IRAD,MSD,TX14.2.8,Measurement and Control,3,5,GSFC
93284,Reaction Wheel for Sounding Rocket Payload Attitude Control,2017-10-01,2019-09-30,Completed,Released,1.0,3.0,3.0,Center Independent Research & Development: GSFC IRAD,MSD,TX01.1.1,Integrated Systems and Ancillary Technologies,3,2,WFF
94853,Textural Pattern Recognition for Life Detection,2018-10-01,2019-09-30,Completed,Released,1.0,1.0,1.0,Center Independent Research & Development: GSFC IRAD,MSD,TX08.3,In Situ Instruments and Sensors,2,1,GSFC
96759,Wireless Communication Demonstration of Hardware Accelerated cFS Disruption Tolerant Networking Bundle Protocol,2020-10-01,2023-09-30,Completed,Released,2.0,4.0,4.0,Center Independent Research & Development: GSFC IRAD,MSD,TX05.3.1,Disruption Tolerant Networking,3,1,GSFC
146878,Applying machine learning techniques to enhance the sensitivity and Selectivity of Multifunctional Sensor Platform,2021-10-01,2022-09-30,Completed,Released,1.0,3.0,3.0,Center Independent Research & Development: GSFC IRAD,MSD,TX08,Sensors and Instruments,1,1,GSFC
95916,VIrtual Super-resolution Optics with Reconfigurable Swarms,2019-10-01,2021-09-30,Completed,Released,2.0,2.0,2.0,Center Independent Research & Development: GSFC IRAD,MSD,TX03.1.1,Photovoltaic Electrical Power,3,1,GSFC
94847,Hermetic Laser Window for a Contamination Sensitive Mass Spectrometer,2018-10-01,2019-09-30,Completed,Released,2.0,5.0,5.0,Center Independent Research & Development: GSFC IRAD,MSD,TX12.4.1,Manufacturing Processes,3,1,GSFC
117093,Reliable and Efficient Propulsion Components for UAM,2019-10-01,2024-06-30,Completed,Released,2.0,2.0,3.0,Advanced Air Vehicles Program,ARMD,TX01.3.8,All-Electric Propulsion,3,6,GRC
147022,Preliminary Computer Vision Datasets for Autonomous Aviation,2023-01-01,2023-12-31,Completed,Released,5.0,5.0,5.0,Transformative Aeronautics Concepts Program,ARMD,TX10,Autonomous Systems,1,4,AFRC
117419,Moon Medicine: Blood Staining and Novel Miniaturized Imaging Technology to Facilitate Critical Lunar Diagnosis YEAR 3,2021-10-01,2022-09-30,Completed,Released,3.0,7.0,7.0,Center Innovation Fund: JSC CIF,STMD,TX06.3.1,Medical Diagnosis and Prognosis,3,1,JSC
96770,"SWaP-efficient, fast-wavelength-steering and time-division-multiplexing lidar technology capable of multi-beam ranging and concurrent hyper-spectral imaging",2018-10-01,2024-09-30,Completed,Released,2.0,5.0,5.0,Center Independent Research & Development: GSFC IRAD,MSD,TX08,Sensors and Instruments,1,1,GSFC
154830,Radiation Tolerant Displays,2022-10-01,2030-09-30,Active,Released,2.0,4.0,6.0,EVA and Human Surface Mobility,ESDMD,TX02,Flight Computing and Avionics,1,2,JSC
157150,CC22 NASA Particle Partition Challenge,2022-08-01,2023-04-20,Completed,Released,,,,"Prizes, Challenges, and Crowdsourcing",STMD,TX06.1.1,Atmosphere Revitalization,3,2,JSC
95606,CO2 Conversion Challenge,2018-08-30,2021-06-25,Completed,Released,2.0,3.0,3.0,"Prizes, Challenges, and Crowdsourcing",STMD,TX07.1.3,Resource Processing for Production of Mission Consumables,3,2,MSFC
4815,Space Tether,2012-10-01,2014-09-01,Completed,Released,,4.0,4.0,"Prizes, Challenges, and Crowdsourcing",STMD,TX12.2,Structures,2,1,
117531,Flexible Sealing Device,2015-04-02,2015-07-31,Completed,Released,,,,"Prizes, Challenges, and Crowdsourcing",STMD,TX12.3.1,"Deployables, Docking, and Interfaces",3,2,HQ
117520,Robonaut 2 Tool Localization,2015-08-07,2016-12-06,Completed,Released,,,,"Prizes, Challenges, and Crowdsourcing",STMD,TX04.1.4,"Object, Event, and Activity Recognition",3,2,JSC
117523,CC20 NASA's Lunar Delivery Challenge,2020-09-09,2021-03-30,Completed,Released,,,,"Prizes, Challenges, and Crowdsourcing",STMD,TX07.2,"Mission Infrastructure, Sustainability, and Supportability",2,3,LaRC
117534,Robonaut Challenge,2012-09-01,2013-05-15,Completed,Released,,,,"Prizes, Challenges, and Crowdsourcing",STMD,TX04.1.4,"Object, Event, and Activity Recognition",3,2,JSC
117543,CC22 Spacecraft Docking Adapter with a Flexible but Load-Bearing Floor,2022-07-07,2022-09-30,Completed,Released,,,,"Prizes, Challenges, and Crowdsourcing",STMD,TX12.3.1,"Deployables, Docking, and Interfaces",3,2,JSC
117528,CC21 Ash Removal & Reutilization for Novel Trash-to-Gas Systems,2021-06-15,2022-07-11,Completed,Released,,,,"Prizes, Challenges, and Crowdsourcing",STMD,TX06.1.3,Waste Management,3,2,KSC
117550,Exploring Hell: Avoiding Obstacles on a Clockwork Rover,2019-11-18,2020-08-13,Completed,Released,,,,"Prizes, Challenges, and Crowdsourcing",STMD,TX08.3,In Situ Instruments and Sensors,2,2,JPL
117551,Asteroid Data Hunter,2014-01-17,2015-01-30,Completed,Released,,,,"Prizes, Challenges, and Crowdsourcing",STMD,TX11.2.1,Software Modeling and Model Checking,3,2,HQ
117537,CC21 NASA Waste Jettison Mechanism Challenge,2021-10-29,2022-07-08,Completed,Released,,,,"Prizes, Challenges, and Crowdsourcing",STMD,TX06.1.3,Waste Management,3,2,ARC
106557,Break the Ice - Phase 1,2019-11-18,2021-08-18,Completed,Released,2.0,4.0,4.0,"Prizes, Challenges, and Crowdsourcing",STMD,TX07.1.2,"Resource Acquisition, Isolation, and Preparation",3,4,MSFC
117539,Break the Ice - Phase 2,2022-06-01,2024-06-12,Completed,Released,2.0,4.0,4.0,"Prizes, Challenges, and Crowdsourcing",STMD,TX07.1.2,"Resource Acquisition, Isolation, and Preparation",3,3,MSFC
117522,Earth & Space Air Prize,2017-05-02,2019-06-05,Completed,Released,,,,"Prizes, Challenges, and Crowdsourcing",STMD,TX08.3,In Situ Instruments and Sensors,2,2,HQ
95586,3D Printed Habitat - On-Site Habitat Competition,2018-02-15,2019-05-04,Completed,Released,2.0,3.0,3.0,"Prizes, Challenges, and Crowdsourcing",STMD,TX07.2.3,Surface Construction and Assembly,3,5,KSC
94154,3D Printed Habitat - Structural Member Competition,2016-10-07,2017-08-27,Completed,Released,3.0,3.0,3.0,"Prizes, Challenges, and Crowdsourcing",STMD,TX07.2.3,Surface Construction and Assembly,3,6,KSC
91402,Mars Ascent Vehicle II,2015-09-01,2016-04-16,Completed,Released,2.0,4.0,4.0,"Prizes, Challenges, and Crowdsourcing",STMD,TX09.4.6,Instrumentation and Health Monitoring for EDL,3,21,MSFC
117518,CC20 NASA Spacesuit Detection Challenge,2021-01-05,2021-08-02,Completed,Released,,,,"Prizes, Challenges, and Crowdsourcing",STMD,TX06.2.3,Informatics and Decision Support Systems,3,2,JSC
10935,Nano-Satellite Launch Challenge,2012-07-01,2013-01-01,Canceled,Released,5.0,5.0,5.0,"Prizes, Challenges, and Crowdsourcing",STMD,TX03,Aerospace Power and Energy Storage,1,5,MSFC
117536,CC21 Orbital Alchemy,2022-02-03,2022-08-02,Completed,Released,,,,"Prizes, Challenges, and Crowdsourcing",STMD,TX07.2.2,"In Situ Manufacturing, Maintenance, and Repair",3,2,ARC
117548,CC21 Lunar TORCH,2021-06-29,2021-11-08,Completed,Released,,,,"Prizes, Challenges, and Crowdsourcing",STMD,TX07.2.3,Surface Construction and Assembly,3,2,LaRC
106556,Mars Ascent Vehicle I,2014-08-15,2015-04-10,Completed,Released,4.0,5.0,5.0,"Prizes, Challenges, and Crowdsourcing",STMD,TX09.4.6,Instrumentation and Health Monitoring for EDL,3,17,MSFC
117546,Model Based Systems Engineering Architecture Library Challenge,2019-09-01,2020-03-31,Completed,Released,,,,"Prizes, Challenges, and Crowdsourcing",STMD,TX11.3.3,Model-Based Systems Engineering,3,2,LaRC
117540,Advanced Lightweight Lunar Gantry for Operations,2020-08-20,2020-11-23,Completed,Released,,,,"Prizes, Challenges, and Crowdsourcing",STMD,TX07.2.3,Surface Construction and Assembly,3,2,LaRC
91410,3D Printed Habitat - Design Competition,2015-05-01,2015-09-26,Completed,Released,3.0,5.0,5.0,"Prizes, Challenges, and Crowdsourcing",STMD,TX07.2.3,Surface Construction and Assembly,3,8,KSC
117542,CC21 Waste to Base Materials Challenge: Sustainable Reprocessing in Space,2021-10-29,2022-07-08,Completed,Released,,,,"Prizes, Challenges, and Crowdsourcing",STMD,TX07.2.2,"In Situ Manufacturing, Maintenance, and Repair",3,2,ARC
117538,CC20 Common Restraint and Mobility Aid System for Multiple Gravity Environments,2020-06-02,2020-09-18,Completed,Released,,,,"Prizes, Challenges, and Crowdsourcing",STMD,TX06.6.1,Human Factors Engineering,3,2,JSC
117535,CC21 Real Time Cognitive State Determination System,2021-10-06,2022-07-01,Completed,Released,,,,"Prizes, Challenges, and Crowdsourcing",STMD,TX06.3.3,Behavioral Health and Performance,3,2,JSC
117541,CC20 Lunar Deep Freeze Challenge,2020-08-11,2021-02-05,Completed,Released,,,,"Prizes, Challenges, and Crowdsourcing",STMD,TX14.2.3,Heat Rejection and Storage,3,3,JSC
106559,Deep Space Food Challenge - Phase 1,2021-01-12,2021-07-30,Completed,Released,2.0,3.0,3.0,"Prizes, Challenges, and Crowdsourcing",STMD,TX06.3.5,"Food Production, Processing, and Preservation",3,6,MSFC
117533,Sample Return Regolith Sorter Design Challenge,2018-07-24,2018-12-03,Completed,Released,,,,"Prizes, Challenges, and Crowdsourcing",STMD,TX12.2.1,Lightweight Concepts,3,2,JSC
117549,Solution Mechanism Guide (SMG) Challenge,2013-09-25,2014-10-29,Completed,Released,,,,"Prizes, Challenges, and Crowdsourcing",STMD,TX11.X,"Other Software, Modeling, Simulation, and Information Processing",2,2,JSC
117532,CC21 Optimal Locations for Advanced Air Mobility (AAM) Vertiports,2021-08-25,2022-01-26,Completed,Released,,,,"Prizes, Challenges, and Crowdsourcing",STMD,TX13.1.5,Ground and Surface Logistics,3,2,HQ
117530,CC22 Ultralight Starshade,2022-06-30,2022-09-30,Completed,Released,,,,"Prizes, Challenges, and Crowdsourcing",STMD,TX08,Sensors and Instruments,1,2,GSFC
117526,Deep Space Food Challenge - Phase 2,2022-01-20,2023-05-19,Completed,Released,2.0,3.0,3.0,"Prizes, Challenges, and Crowdsourcing",STMD,TX06.3.5,"Food Production, Processing, and Preservation",3,6,MSFC
117525,Deep Space Food Challenge - Phase 3,2023-09-15,2024-08-16,Completed,Released,3.0,4.0,4.0,"Prizes, Challenges, and Crowdsourcing",STMD,TX06.3.5,"Food Production, Processing, and Preservation",3,6,MSFC
117545,"Honey, I Shrunk the NASA Payload, the Sequel - Phase 1",2020-08-27,2022-07-08,Completed,Released,,,,"Prizes, Challenges, and Crowdsourcing",STMD,TX08.1,Remote Sensing Instruments and Sensors,2,2,JPL
117519,CC20 NASA Image Co-registration Code Challenge,2020-10-09,2021-09-28,Completed,Released,,,,"Prizes, Challenges, and Crowdsourcing",STMD,TX07.3.2,Integrated Flight Operations Systems,3,2,HQ
96170,Space Robotics Challenge - Autonomous Robotic Systems for Lunar ISRU,2019-08-12,2022-09-30,Completed,Released,2.0,4.0,4.0,"Prizes, Challenges, and Crowdsourcing",STMD,TX10.2.2,Activity and Resource Planning and Scheduling,3,2,JSC
117529,Aftershock: NASA Shock Propagation Prediction Challenge,2021-11-25,2022-08-03,Completed,Released,,,,"Prizes, Challenges, and Crowdsourcing",STMD,TX12.2.4,"Tests, Tools, and Methods",3,2,LaRC
117521,"Honey, I Shrunk the NASA Payload, the Sequel - Phase 2",2020-08-27,2022-05-30,Completed,Released,,,,"Prizes, Challenges, and Crowdsourcing",STMD,TX08.1,Remote Sensing Instruments and Sensors,2,2,JPL
117544,"Honey, I Shrunk the NASA Payload",2020-03-16,2020-07-24,Completed,Released,,,,"Prizes, Challenges, and Crowdsourcing",STMD,TX08.1,Remote Sensing Instruments and Sensors,2,2,JPL
93868,Space Robotics Challenge - Autonomous Humanoid Robots for Deep Space Exploration,2016-08-01,2017-06-01,Completed,Released,2.0,4.0,4.0,"Prizes, Challenges, and Crowdsourcing",STMD,TX10.2.2,Activity and Resource Planning and Scheduling,3,2,JSC
93974,Vascular Tissue Challenge,2016-06-01,2021-06-25,Completed,Released,3.0,4.0,4.0,"Prizes, Challenges, and Crowdsourcing",STMD,TX06.3.1,Medical Diagnosis and Prognosis,3,14,ARC
4851,Sample Return Robot,2011-09-01,2016-09-06,Completed,Released,5.0,6.0,6.0,"Prizes, Challenges, and Crowdsourcing",STMD,TX04.2.5,Robot Navigation and Path Planning,3,52,MSFC
146757,Ultra-high Efficiency Noiseless Quantum Sensors for HWO and QIS,2023-10-01,2024-09-30,Completed,Released,2.0,3.0,3.0,Center Independent Research & Development: GSFC IRAD,MSD,TX08,Sensors and Instruments,1,1,GSFC
157086,Augmentation of Seed Film Technology with Probiotics in Support of Space Crop Production,2022-03-01,2023-03-31,Completed,Released,2.0,3.0,3.0,Center Independent Research & Development: KSC IRAD,MSD,TX06.3.5,"Food Production, Processing, and Preservation",3,1,KSC
90995,A Thermal Imaging Instrument with Uncooled Detectors,2016-10-01,2020-09-30,Completed,Released,1.0,3.0,3.0,Center Independent Research & Development: GSFC IRAD,MSD,TX08.1.1,Detectors and Focal Planes,3,1,GSFC
154487,Coupled Resonator Power Combiner (COREPOWER),2023-05-23,2025-05-22,Completed,Released,2.0,2.0,4.0,Small Business Innovation Research/Small Business Tech Transfer,STMD,TX05.2.2,Power Efficiency,3,2,
154531,Virtual Explanation Reasoning Agent (VERA),2023-07-18,2025-07-17,Completed,Released,4.0,4.0,5.0,Small Business Innovation Research/Small Business Tech Transfer,STMD,TX01.1.1,Integrated Systems and Ancillary Technologies,3,2,
154382,Abrasion Resistant and Flame-Resistant Textile Materials for Lunar Environments,2023-08-03,2024-09-02,Completed,Released,2.0,5.0,5.0,Small Business Innovation Research/Small Business Tech Transfer,STMD,TX07.1.1,Destination Resource Exploration,3,3,
96525,ACSEPT: A Compact Solar Energetic Particle Telescope,2020-03-01,2023-02-28,Completed,Released,3.0,3.0,6.0,Heliophysics Technology and Instrument Development for Science,SMD,TX08.3.1,Field and Particle Detectors,3,2,
93255,Charge Sensitive Amplifier Design Automation Framework,2017-10-01,2018-09-30,Completed,Released,1.0,3.0,3.0,Center Independent Research & Development: GSFC IRAD,MSD,TX02.1.6,Radiation-Hardened ASIC Technologies,3,1,GSFC
94841,Development of a Broad Spectrum X-Ray Attenuator,2018-10-01,2020-09-30,Completed,Released,2.0,6.0,6.0,Center Independent Research & Development: GSFC IRAD,MSD,TX08.1.1,Detectors and Focal Planes,3,1,GSFC
117098,Quesst Community Test Planning & Execution,2019-10-01,2028-10-31,Active,Released,3.0,3.0,6.0,Advanced Air Vehicles Program,ARMD,TX15.1.4,Aeroacoustics,3,5,LaRC
105665,Demonstration Rocket for Agile Cis-lunar Operations,2023-01-01,2025-04-30,Completed,Released,3.0,3.0,6.0,Technology Demonstration Missions,STMD,TX01.4.3,Nuclear Thermal Propulsion,3,4,DARPA
156386,Lunar Ice Processing,2019-05-30,2022-08-22,Completed,Released,4.0,5.0,5.0,Technology Demonstration Missions,STMD,TX07.1.3,Resource Processing for Production of Mission Consumables,3,3,
155235,Measurement of Spray Heat Transfer for In-Space Cryogenic Transfer Systems,2023-02-01,2026-07-31,Active,Released,4.0,4.0,5.0,Flight Opportunities,STMD,TX01.1.3,Cryogenic Propulsion,3,2,
155234,"Lightweight, High-Efficiency Cryogenic Liquid Acquisition Device",2023-06-01,2024-09-30,Completed,Released,5.0,6.0,6.0,Flight Opportunities,STMD,TX01.1.3,Cryogenic Propulsion,3,1,
146492,Enhanced Autonomous Refueling Capability for Gateway and Surface Systems,2021-10-01,2022-09-30,Completed,Released,3.0,5.0,5.0,Center Innovation Fund: SSC CIF,STMD,TX04,Robotic Systems,1,2,SSC
116764,On-Orbit Large-Scale Cryogenic Propellant Management and Transfer Demonstration,2020-11-01,2024-12-31,Completed,Released,4.0,5.0,5.0,Technology Demonstration Missions,STMD,TX01.1.3,Cryogenic Propulsion,3,3,
116760,Fiber Optic Sensing System,2020-11-01,2024-04-30,Completed,Released,4.0,5.0,5.0,Technology Demonstration Missions,STMD,TX01.1.3,Cryogenic Propulsion,3,4,
154843,Molten Regolith Electrolysis (MRE) – Starter Device,2019-10-01,2021-09-30,Completed,Released,2.0,,,Early Career Initiative,STMD,TX07.1,In Situ Resource Use,2,2,KSC
156353,Onboard Chemically Specific Monitoring and Detection of Microorganisms,2023-08-01,2027-07-31,Active,Released,2.0,2.0,3.0,Space Technology Research Grants,STMD,TX06.4.1,"Air, Water, Microbial, and Acoustic Sensors",3,2,GA Tech
154840,Extractor for Chemical Analysis of Lipid Biomarkers in Regolith,2019-10-01,2022-02-28,Completed,Released,2.0,,,Early Career Initiative,STMD,TX07.1,In Situ Resource Use,2,3,ARC
88223,Micro-Concentrator Solar Array Technology for Extreme Environments,2016-05-01,2019-05-01,Completed,Released,,,,Game Changing Development,STMD,TX03.1.1,Photovoltaic Electrical Power,3,1,
156345,Novel dual quaternion based model and control for gravity recovery missions,2023-08-15,2025-05-15,Completed,Released,2.0,2.0,3.0,Space Technology Research Grants,STMD,TX17.2.1,Onboard Navigation Algorithms,3,2,
156366,Physics-Informed Machine Learning for the Optimization of Hybrid Rocket Motors,2023-08-01,2024-07-31,Completed,Released,2.0,2.0,3.0,Space Technology Research Grants,STMD,TX01.1.1,Integrated Systems and Ancillary Technologies,3,2,MIT
154855,In-Space/On-Surface 3D Printing of Sodium-Ion Batteries Using In-Situ Resource Utilization Materials,2021-10-01,2024-06-30,Completed,Released,3.0,5.0,5.0,Early Career Initiative,STMD,TX03.2.1,Electrochemical Storage: Batteries,3,4,MSFC
24052,Ultralight Micro-truss Cores for Space Launch Systems,2015-06-01,2016-05-30,Completed,Released,,,,Game Changing Development,STMD,TX04.2.1,Below-Surface Mobility,3,1,
156367,Fabrication and Optimization of Nanotechnology for X-ray TES Sounding Rocket Instrument,2023-08-29,2027-08-28,Active,Released,2.0,2.0,3.0,Space Technology Research Grants,STMD,TX08.1.1,Detectors and Focal Planes,3,2,
146491,"Propellant Delivery Via VDC Driven Pump, Year 3",2021-10-01,2022-09-30,Completed,Released,4.0,5.0,5.0,Center Innovation Fund: SSC CIF,STMD,TX13.1.4,"Propellant Production, Storage, and Transfer",3,2,SSC
146360,"Propellant Delivery Via VDC Driven Pump, Year 2",2020-10-01,2021-09-30,Completed,Released,4.0,5.0,5.0,Center Innovation Fund: SSC CIF,STMD,TX13.1.4,"Propellant Production, Storage, and Transfer",3,1,SSC
156362,"High-Rate, Large-Area Deposition of Magnetic Materials for Next-Generation Energy Technologies",2023-08-29,2027-08-28,Active,Released,2.0,2.0,3.0,Space Technology Research Grants,STMD,TX03.3.3,Electrical Power Conversion and Regulation,3,2,
155247,Fluids at Altitude Mixing Experiment (FAME),2023-07-01,2026-05-31,Active,Released,4.0,4.0,6.0,Flight Opportunities,STMD,TX12.X,"Other Manufacturing, Materials, and Structures",2,2,
116763,Smart Propulsion System,2020-07-15,2021-03-01,Completed,Released,3.0,5.0,5.0,Technology Demonstration Missions,STMD,TX01.1.1,Integrated Systems and Ancillary Technologies,3,2,MSFC
156323,Controlled Therapeutic Biomanufacturing for Deep Space Missions,2023-08-15,2027-08-14,Active,Released,2.0,2.0,3.0,Space Technology Research Grants,STMD,TX06.3.1,Medical Diagnosis and Prognosis,3,2,
156364,Development of a New Microwave Kinetic Inductance Detector High-Resolution Multi-Object Spectrograph for Space-Based Applications,2023-08-01,2027-07-31,Active,Released,2.0,2.0,3.0,Space Technology Research Grants,STMD,TX08.1.1,Detectors and Focal Planes,3,2,UCSB
154857,Carbon Utilization Technology for Lunar and Atmospheric Systems,2022-10-03,2024-09-29,Completed,Released,2.0,5.0,5.0,Early Career Initiative,STMD,TX07.1.3,Resource Processing for Production of Mission Consumables,3,2,GRC
154845,Development of a Thermal Control System to Survive the Lunar Night,2019-10-01,2021-09-30,Completed,Released,6.0,,,Early Career Initiative,STMD,TX14.2.2,Heat Transport,3,2,MSFC
